1,瀬川修三,Shuuzou_Segawa@rlot.njuqe.qbg,2wRjk8EG
2,竹下響希,hibiki8128@gibtt.kxv,j_D2XvEF
3,藤村松夫,Matsuo_Fujimura@pbeonpgt.bhq,sjlyF9wA
4,楠理絵,ekusunoki@seisxhns.vgkxb.dq,JK4N2m8X
5,依田早苗,sanae_ida@grzmxy.cvo.eye,UeP0_aVK
6,岸本守彦,morihiko729@zbnbtgbnb.cen.idh,CE587_cA
7,寺本晃,akira84491@nexviwo.gcu,dMv4eEFN
8,目黒孝三,kouzou0340@nyibslbyxc.ukom.sv,6JC3Rkhl
9,吉原公彦,oyoshiwara@zxfo.aur.uf,adGe7Qi0
10,葛西穂花,honoka603@hoezm.enk.xd,U38cisHn
11,鵜飼陽保,haruyasu464@yvajau.peu,TgkmmX_V
12,本田建司,kenji7381@ekkuzqkzwd.qvr,yuKSkxmb
13,遠山和仁,kazuhito9523@wtzckcitz.ys,NjMhgpQV
14,上村茜,akaneuemura@bnierjeyu.qtfir.oa,KegWE-2C
15,下山直道,tadamichi7668@vxekohayot.rro,"uuzTz-O,"
16,板垣一司,kazushiitagaki@ekynaooi.wsw,g2kf08Aw
17,高村駿介,wzpuqvshunsuke54017@clxwmlik.tp,osQiNDel
18,須藤静雄,cggqdnwujuqijshizuo101@hpyi.kfp,LIrZJA3X
19,横山美和子,miwakoyokoyama@mxcntpwv.oxjr.fwo,qBPNu-1q
20,桜田光希,mitsuki_sakurada@qiptbawsnw.jbp,90Pa8K99
21,風間亜美,amikazama@mkhq.kam,5CuK5FYm
22,宍戸美咲,misaki_shishido@juccykopo.xk.ng,3HapPgSV
23,橋爪良昭,yoshiaki71879@oiezi.olve.egb,ydjoBjvp
24,寺田芽依,mei30137@nhfbp.jsj,rdYg8Y9y
25,相馬重男,acnwcueluyrxshigeo35478@xtrv.get,t-O9wfDO
26,井田詩央李,Shiori_Ida@bqflzge.qlu.ohv,yGx42f0a
27,川添華絵,kae9872@ejsnyrygod.omv,LhvUQwa4
28,紺野望,nozomi82891@nxldxn.nk,"68,Fyqtf"
29,染谷雄太,yuuta31549@yvabcqwb.heu,4WS9lRPg
30,小沼早百合,sayuri847@sohrabpgjy.hqjm.gg,ozOh3U7s
31,笹原早百合,sayuri_sasahara@lgjrsbv.jb,k39Zulai
32,楠本音哉,otoyakusumoto@ucxbijcn.vti,LAURY0t0
33,山崎治雄,haruo81502@tdmotnn.hze,NLGvg4a6
34,赤井金吾,kingo324@otjuujbf.bb,7WLAhA2a
35,和泉豊,nbjsmtbpqphbuhyutaka231@mailcr.csi,fu1ytfUZ
36,小久保咲良,sakura_kokubo@gzbbirz.xec,F-bRU3cC
37,平林美玲,mirei399@llmj.bxb,Ljj9fdf6
38,坂井音羽,mg-sslotowa95573@ohpylucyz.ex,NVdlaMfW
39,山岸好,yoshi_yamagishi@jzjt.uuf,5efm74kN
40,三輪里美,satomi6026@ihmwrxvvjx.qmy,A1HuwIWY
41,安東敏郎,toshirou60036@mpqinz.wlsrn.rz,f71u_Gm3
42,桜井宙翔,sorato8638@fbgotpaivd.tc,sXmnKdHp
43,下川優,akbexuzbktiwqymmasaru741@dtevtuslg.vu.sn,Z8YftVxb
44,小関芳子,yoshiko_ozeki@akwbqwh.bh,LFdYd_gO
45,北山裕信,Hironobu_Kitayama@kwnhbecad.cpvpw.anh,b0gi6CeI
46,大和田国雄,kunio61870@wthtjslx.cg,3Y5bzIzS
47,吉崎春華,haruka064@llmecidpat.tqabi.ghi,cxrUDhCL
48,黒岩直義,ikuroiwa@iefnh.fm,xZ5wOKZ_
49,沼田睦夫,mutsuonumata@whzg.uez,AUbMaSq4
50,市村瑠花,ruka230@wqrafwyd.ca,NY44Xvng
